{
  "frames": [
    {
      "filename": "up (1)",
      "frame": {
        "x": 16,
        "y": 96,
        "w": 16,
        "h": 32
      }
    },
    {
      "filename": "up (2)",
      "frame": {
        "x": 0,
        "y": 96,
        "w": 16,
        "h": 32
      }
    },
    {
      "filename": "up (3)",
      "frame": {
        "x": 16,
        "y": 96,
        "w": 16,
        "h": 32
      }
    },
    {
      "filename": "up (4)",
      "frame": {
        "x": 32,
        "y": 96,
        "w": 16,
        "h": 32
      }
    },
    {
      "filename": "down (1)",
      "frame": {
        "x": 16,
        "y": 0,
        "w": 16,
        "h": 32
      }
    },
    {
      "filename": "down (2)",
      "frame": {
        "x": 0,
        "y": 0,
        "w": 16,
        "h": 32
      }
    },
    {
      "filename": "down (3)",
      "frame": {
        "x": 16,
        "y": 0,
        "w": 16,
        "h": 32
      }
    },
    {
      "filename": "down (4)",
      "frame": {
        "x": 32,
        "y": 0,
        "w": 16,
        "h": 32
      }
    },
    {
      "filename": "left (1)",
      "frame": {
        "x": 16,
        "y": 32,
        "w": 16,
        "h": 32
      }
    },
    {
      "filename": "left (2)",
      "frame": {
        "x": 0,
        "y": 32,
        "w": 16,
        "h": 32
      }
    },
    {
      "filename": "left (3)",
      "frame": {
        "x": 16,
        "y": 32,
        "w": 16,
        "h": 32
      }
    },
    {
      "filename": "left (4)",
      "frame": {
        "x": 32,
        "y": 32,
        "w": 16,
        "h": 32
      }
    },
    {
      "filename": "right (1)",
      "frame": {
        "x": 16,
        "y": 64,
        "w": 16,
        "h": 32
      }
    },
    {
      "filename": "right (2)",
      "frame": {
        "x": 0,
        "y": 64,
        "w": 16,
        "h": 32
      }
    },
    {
      "filename": "right (3)",
      "frame": {
        "x": 16,
        "y": 64,
        "w": 16,
        "h": 32
      }
    },
    {
      "filename": "right (4)",
      "frame": {
        "x": 32,
        "y": 64,
        "w": 16,
        "h": 32
      }
    }
  ]
}